datetime,open,high,low,y_close,x_volume,x_turnover,x_open_interest,x_delta,x_buy_vol,x_sell_vol,x_vwap_pv,x_bvwap_pv,x_bvwap_v,x_delta_l2,x_buy_vol_l2,x_sell_vol_l2,bar_period,dominant_id,trading_date,x_ma5_60min,x_ma20_60min,x_ma60_60min,x_ma5_ma20_60min,x_ma20_ma60_60min,x_price_ma250_dev_60min,x_return_1_60min,x_log_return_1_60min,x_mom5_60min,x_mom20_60min,x_snr_60min,x_price_accel_60min,x_price_reversal_60min,x_intraday_return_60min,x_gap_ratio_60min,x_overnight_return_60min,x_volatility_60min,x_realized_vol_60min,x_atr_60min,x_intraday_vol_60min,x_parkinson_vol_60min,x_vol_ratio_10_30_60min,x_overnight_vol_60min,x_price_jump_60min,x_rsi14_60min,x_macd_60min,x_macd_signal_60min,x_macd_hist_60min,x_stoch_k_60min,x_stoch_d_60min,x_cci_60min,x_adx_60min,x_williams_r_60min,x_aroon_osc_60min,x_trix_60min,x_ultosc_60min,x_sar_diff_60min,x_boll_pos_60min,x_boll_upper_60min,x_boll_lower_60min,x_roc_60min,x_keltner_pos_60min,x_donchian_pos_60min,x_close_pos_ratio_60min,x_price_channel_breakout_60min,x_skew_60min,x_kurtosis_60min,x_hurst_60min,x_fractal_dim_60min,x_high_low_ratio_60min,x_bid_ask_proxy_60min,x_liquidity_60min,x_price_impact_60min,x_market_depth_imbalance_60min,x_vol_mom_60min,x_rel_vol_60min,x_vol_ma_ratio_60min,x_vol_accel_60min,x_vol_change_rate_60min,x_vol_price_corr_60min,x_pvt_60min,x_vol_weighted_return_60min,x_money_flow_ratio_60min,x_ease_of_movement_60min,x_obv_60min,x_mfi_60min,x_chaikin_osc_60min,x_ad_line_60min,x_volume_profile_60min,x_vwap_60min,x_vwap_dev_60min,x_vwap_slope_60min,x_bvwap_60min,x_bvwap_dev_60min,x_bvwap_slope_60min,x_cvd_60min,x_price_delta_60min,x_price_delta_volume_60min,x_price_delta_trend_60min,x_ofi_60min,x_effort_vs_result_60min,x_distribute_60min,x_trend_60min,x_trend1_60min,x_absorption_60min,x_break_position_60min,x_vol_ratio_60min,x_trend_break_60min,x_trend_break2_60min,x_trend_break_watch_60min,x_vpin_60min,x_vpin_zscore_60min,x_vpin_zscore_filtered_60min,x_delta_x_vpin_60min,x_ad_60min,x_qstick_60min,x_sharpe_60min,x_rvi_60min,x_klinger_60min,x_linearreg_ma_60min
2026-02-09 22:00:00,9016.0,9016.0,8914.0,8926.0,95373.0,8.5475077e+09,435383,-11410.081,39847.96,51258.04,854741672.0,12440984976.0,1387890.0,-8301.0,23745.0,32046.0,22:00,P2605,2026-02-10,,,,,,0.0,,,,,,,,-0.009982253,,,,,,0.011377689,,,,0,,,,,,,,,,,,,,,,,,,,0.11764706,0,,,,,,,,,,,,,,,,,,,,95373.0,,,-72932.29411764705,,89621.88,,,8963.956059918293,,,-11410.081,,,,-0.1252396,,0.0,0.0,0.0,0.0,,,0.0,,,0.0,,0.0,-0.0,,,,,,
2026-02-09 23:00:00,8928.0,8990.0,8924.0,8974.0,56919.0,5.1003407e+09,428982,5857.811,30091.406,24233.594,510029640.0,13534481880.0,1511162.0,-269.0,15606.0,15875.0,23:00,P2605,2026-02-10,,,,,,0.2681564245810056,0.005377531,0.0053631235,,,,,-0.005377531,0.00515233,0.00022406453,0.00022406453,,,,0.0073685306,,,0.00022408833,0,,,,,,,,,,,,,0.006685981724983285,,,,,,,0.75757575,0,,,,,,,,,,,,,,-0.40319586,,306.08368,,,,152292.0,,,-43610.38502673796,,89607.0,,,8959.986525250322,,,-5552.27,31.50056,1.7929804e+06,31.50056,0.10782904,11590.961,0.0,0.0,0.0,0.0,,,0.0,,,0.0,,0.0,0.0,,,,,,
2026-02-10 00:00:00,8974.0,8974.0,8974.0,8974.0,0.0,0.0,428982,0.0,0.0,0.0,0.0,2001382.0,223.0,0.0,0.0,0.0,00:00,P2605,2026-02-10,,,,,,0.17861129716454566,0.0,0.0,,,,,-0.0,0.0,0.0,0.0,,,,0.0,,,0.0,0,,,,,,,,,,,,,0.00651660352128366,,,,,,,,0,,,,,,,,,,,,,,-1.0,,306.08368,,,,152292.0,,,-43610.38502673796,,,,,8959.98766519216,,,-5552.27,0.0,0.0,31.50056,,0.0,0.0,0.0,0.0,0.0,,,0.0,,,,,0.0,,0.0,,,,,
2026-02-10 09:30:00,8990.0,8996.0,8964.0,8978.0,30860.0,2.77192e+09,431079,1263.3038,15106.152,13842.848,277189412.0,4241001954.0,472205.0,-1399.0,7079.0,8478.0,09:30,P2605,2026-02-10,,,,,,0.16735468035256054,0.00044572353,0.00044562426,,,,,-0.00044572353,-0.0013348165,0.0017829285,0.0017829285,,,,0.0035634849,,,0.0017813067,0,,,,,,,,,,,,,0.006793316997103895,,,,,,,0.4375,0,,,,,,,,,,,,,,inf,,319.8387,,,,183152.0,,,-47467.88502673796,,89822.42,,,8962.968842170205,,,-4288.9663,0.56308424,17376.78,32.063644,0.043638974,2524.3574,0.0,0.0,0.0,0.0,,,0.0,,,0.013963658608269416,,0.0,17.64034344263929,0.0,,,,,
2026-02-10 10:45:00,8978.0,9016.0,8976.0,9008.0,39334.0,3.5402476e+09,428857,6814.979,22300.49,15485.511,354024788.0,10134440624.0,1126131.0,2416.0,12214.0,9798.0,10:45,P2605,2026-02-10,8972.0,,,,,0.4012483281319661,0.0033415556,0.003335985,,,,,-0.0033415556,0.0033415013,0.0,0.0,,,,0.004446382,,,0.0,0,,,,,,,,,,,,,0.009750309058614338,,,,,,,0.8,0,,,,,,,,,,,,,,0.2745949,,451.27545,,,,222486.0,,,-23867.485026737962,,90004.766,,,8972.076690491907,,1.9223578067112248,2526.0127,22.77263,895738.6,54.836273,0.18035726,13539.473,0.0,0.0,0.0,0.0,,,0.0,,,0.11468635834198973,,0.0,781.5851241351285,0.0,,,,,
2026-02-10 13:45:00,9010.0,9014.0,8932.0,9002.0,89569.0,8.039122e+09,427252,1135.7561,43169.88,42034.12,803875718.0,12477591836.0,1390864.0,-327.0,26690.0,27017.0,13:45,P2605,2026-02-10,8987.2,,,,,0.27848947309791694,-0.0006660819,-0.00066630385,0.008514404,,,,0.0006660819,-0.00088790234,0.00022202487,0.00022202487,,,,0.009138541,,,0.00022194305,0,,,,,,,,,,,,,0.008451559315707333,,,,,,,0.85365856,0,,,,,,,,,,,,,,1.2771394,,391.61517,,,,132917.0,,,39486.1979000913,,89753.4,,,8971.848000033964,,3.5811974867025858,3661.7688,-0.75650656,-67759.54,54.079765,0.0133298645,2268.4902,0.0,0.0,0.0,0.0,,,0.0,,,0.04050591877136884,,0.0,46.00484447309029,0.0,,,,,
2026-02-10 14:45:00,9002.0,9002.0,8930.0,8936.0,53062.0,4.753853e+09,427406,-6274.0913,22109.455,28383.545,475386150.0,13494562708.0,1505859.0,-3659.0,13143.0,16802.0,14:45,P2605,2026-02-10,8979.6,,,,,-0.3917322207713593,-0.007331729,-0.0073587378,-0.004234433,,,-0.01270926,0.007331729,-0.0073317043,0.0,0.0,,,,0.00803039,,,0.0,0,,,,,,,,,,,,,-0.008952551477170993,,,,,,,0.083333336,0,,,,,,,,,,,,,-0.0043893456,-0.4075852,,2.5789795,,,,79855.0,,,-4732.135433242038,,89590.53,,,8969.714562528552,,2.833295253654942,-2612.3225,45.999935,2.4408485e+06,100.0797,-0.124256626,-12366.842,0.0,0.0,0.0,0.0,,,0.0,,,0.09406835121345707,,0.0,-590.1934247620953,0.0,,,,,
2026-02-10 15:00:00,8936.0,8948.0,8932.0,8940.0,16679.0,1.4911772e+09,424748,943.5204,8362.76,7419.2397,149118124.0,4154486120.0,464736.0,1020.0,5432.0,4412.0,15:00,P2605,2026-02-10,8972.8,,,,,-0.30388357634726365,0.00044763088,0.00044753074,-0.0037887096,,,0.00044763088,-0.00044763088,0.00044762756,0.0,0.0,,,,0.0017897554,,,0.0,0,,,,,,,,,,,,,-0.008308724832214839,,,,,,,0.5,0,,,,,,,,,,,,,0.3143304,-0.6856696,,10.045015,,,,96534.0,,,-4732.135433242038,,89404.48,,-125.0125,8967.925146359557,,0.7550480415346101,-1668.8021,0.42234886,7044.3564,100.502045,0.059784565,1885.3529,0.0,0.0,0.0,0.0,,,0.0,,,0.08624266034949404,,0.0,81.37170816038707,0.0,,,,,
2026-02-10 22:00:00,8912.0,8938.0,8902.0,8920.0,62776.0,5.600378e+09,428469,-3289.5566,27959.72,31249.28,560033818.0,11738908662.0,1315511.0,-3568.0,17032.0,20600.0,22:00,P2605,2026-02-11,8961.2,,,,,-0.46864539165364877,-0.0022371411,-0.0022396473,-0.0064602494,,,-0.0026828647,0.0022371411,0.0008976661,-0.003131991,-0.003131991,,,,0.004035901,,,-0.0031369007,0,,,,,,,,,,,,,-0.010380538116591924,,,,,,,0.5,0,,,,,,,,-0.27887442828553455,,,,,-inf,2.7637749,,-130.39375,,,,33758.0,,,-4732.135433242038,,89212.086,,-193.428125,8923.459144013239,,-10.115794663176638,-4958.359,7.3592024,461981.28,107.861244,-0.05555842,-6549.8076,0.0,0.0,0.0,0.0,,,0.0,,,0.13563159100143984,,0.0,-446.16780085732046,0.0,,,,,
2026-02-10 23:00:00,8920.0,8920.0,8888.0,8904.0,50781.0,4.5218683e+09,426930,-3628.1272,22575.436,26203.564,452181204.0,11766655316.0,1321124.0,-3196.0,12934.0,16130.0,23:00,P2605,2026-02-11,8940.4,,,,,-0.5828364708246883,-0.0017937422,-0.0017953529,-0.0115453005,,,-0.005135298,0.0017937422,-0.0017937219,0.0,0.0,,,,0.0035938933,,,0.0,0,,,,,,,,,,,,,-0.01169930637915547,,,,,,,0.5,0,,,,,,,,-0.21385575560622155,,,,,-0.46567112,-0.19107622,,-221.48178,,,,-17023.0,,14751.77268852475,-4732.135433242038,,89046.46,,-179.23203125,8914.985949135926,,-15.997952031140448,-8586.486,6.5079246,330478.9,114.36917,-0.07437891,-7230.316,0.0,0.0,0.0,0.0,,,0.0,,,0.16118490854071357,,0.0,-584.7993504653352,0.0,,,,,
2026-02-11 09:30:00,8922.0,8932.0,8908.0,8912.0,29716.0,2.6505021e+09,426336,2106.4531,15171.727,13065.273,265052112.0,6461857386.0,724474.0,849.0,8347.0,7498.0,09:30,P2605,2026-02-11,8922.4,,,,,-0.44884944249243275,0.0008984804,0.00089807704,-0.009997785,,,0.0015645623,-0.0008984804,-0.001120825,0.0020215632,0.0020215632,,,,0.002690626,,,0.0020195106,0,,,,,,,,,,,,,-0.009982090053859985,,,,-0.15684518,,,0.16666667,0,,,,,,,,-0.03353336075459774,,,,,-1.6919599,-0.4148205,,-194.78253,,,,12693.0,,5642.798237649624,-24542.802099908702,,89194.445,,-115.01875,8915.932617478338,,-16.050308732405536,-6480.033,1.8926069,56240.707,116.26178,0.07459904,4205.3496,0.0,0.0,0.0,0.0,,,0.0,,,0.13963101471671352,,0.0,294.1261872969422,0.0,,,,,
2026-02-11 10:45:00,8912.0,8928.0,8894.0,8928.0,42792.0,3.812711e+09,423300,1930.5737,21442.287,19511.713,381272032.0,10525898168.0,1181388.0,3215.0,13001.0,9786.0,10:45,P2605,2026-02-11,8920.8,,,,,-0.2476676411984812,0.0017952919,0.0017936823,-0.00089526176,,,0.009127021,-0.0017952919,0.0017953322,0.0,0.0,,,,0.003815515,,,0.0,0,,,,,,,,,,,,,-0.0074129439254479994,,,,-0.51259196,,,1.0,0,,,,,,,,0.781625962218735,,,,,0.84761757,0.44003236,,-117.958405,,,,55485.0,,15019.054304323465,18249.197900091298,,89098.69,,-62.921875,8914.330495320084,,-11.471582861384377,-4549.4595,3.4659433,148314.64,119.72772,0.047140066,3847.3333,0.0,0.0,0.0,0.0,,,0.0,,,0.09505210735833568,,0.0,183.50510149169824,0.0,,,,,
2026-02-11 13:45:00,8926.0,8948.0,8912.0,8920.0,49803.0,4.447631e+09,420653,-127.89187,23656.055,23783.945,444771798.0,11070078200.0,1239960.0,142.0,14726.0,14584.0,13:45,P2605,2026-02-11,8916.8,,,,,-0.311205103075949,-0.0008960366,-0.00089643826,-0.0022371411,,,-0.0013436675,0.0008960366,-0.0006721936,-0.00022401434,-0.00022401434,,,,0.0040313886,,,-0.00022401934,0,,,,,,,,,,,,,-0.007602219457894208,,,,-0.6017384,,,0.22222222,0,,,,,,,,0.7150162587199657,,,,,0.8495086,0.16383898,,-162.58371,,,,5682.0,,8685.866243327298,-9419.135433242038,,89304.48,,23.70078125,8917.212481130426,,-1.3148779581487178,-4677.3516,0.1145958,5707.215,119.842316,-0.0026958394,-255.32617,0.0,0.0,0.0,0.0,,,0.0,,,0.10836485883522985,,0.0,-13.858984286070923,0.0,,,,0.0,
2026-02-11 14:45:00,8920.0,8930.0,8896.0,8896.0,39374.0,3.511064e+09,421220,-3031.9697,17354.016,20385.984,351106544.0,13356611474.0,1497537.0,518.0,11250.0,10732.0,14:45,P2605,2026-02-11,8912.0,,,,,-0.5382612723410343,-0.0026905537,-0.0026941798,-0.0026905537,,,-0.00045341253,0.0026905537,-0.002690583,0.0,0.0,,,43.714285714285715,0.0038146838,,,0.0,0,,,,,,,,,-93.75,,,,-0.00964737968868608,,,,-0.9133438,0.2799682744858052,,0.0,0,,,,,,,,-0.0006365117791549245,,,,,-2.9731798,-0.20940506,,-268.52158,,0.3683866610207649,,-33692.0,,-7222.698531019072,-48793.13543324204,,89172.15,,36.140625,8917.591031805796,,0.6490028991829604,-7709.3213,8.157678,321200.4,127.99999,-0.08033834,-6031.4834,0.0,0.0,0.0,0.0,,,0.0,,,0.14269352335612778,,0.0,-432.6424429923185,-0.3285007522609674,-0.0010279193832372715,,,0.0004614290881907754,0.0012004610698050698
2026-02-11 15:00:00,8898.0,8912.0,8896.0,8906.0,15457.0,1.3762209e+09,417270,1504.4332,8070.717,6566.283,137621590.0,4440903692.0,498752.0,1465.0,4835.0,3370.0,15:00,P2605,2026-02-11,8912.4,,,,,-0.3981390355193742,0.0011241436,0.0011235122,0.0002245903,,,0.0029178858,-0.0011241436,0.00089907844,0.00022482015,0.00022482015,,,37.57142857142857,0.0017968952,,,0.00022480344,0,46.15384615384615,,,,,,,,-85.9375,35.71428571428572,,,-0.007881619619123923,,,,-1.1323268,0.33375218863925576,,0.625,0,,,,,,,,0.18859856775396655,,,,,-0.41635507,-0.6074313,,-251.14569,,0.35856353875615365,,-18235.0,35.85635394662213,-11844.60470861358,-44928.88543324204,,89035.445,,-24.45390625,8916.72165385012,,0.48386092292843386,-6204.888,1.691199,26140.861,129.6912,0.10278292,3002.117,0.0,0.0,0.0,0.0,,,0.0,,,0.131353306523328,,0.0,197.61227888081814,-0.2722019659508853,-0.00024354973616677204,,-0.12184528468434336,0.0011518823933017925,0.0008649074683161356
2026-02-11 22:00:00,8918.0,8920.0,8876.0,8902.0,68929.0,6.134195e+09,416625,1332.8953,33503.45,32170.553,613405022.0,14312680468.0,1608597.0,202.0,18458.0,18256.0,22:00,P2605,2026-02-12,8910.4,,,,,-0.41530910463831755,-0.000449121,-0.00044922187,-0.0011220574,,,-0.0013476014,0.000449121,-0.0017941243,0.0013474062,0.0013474062,,,36.0,0.004944953,,,0.0013465157,0,45.401629802095464,,,,,,,,-81.42857142857143,78.57142857142857,,,-0.007740067632918639,,,,-1.1108643,0.3227285923342278,,0.59090906,0,,,,,,,,-0.5777909134472912,,,,,3.874224,3.4594035,,-282.10315,,0.25463684628942335,,-87164.0,25.46368489192202,-8670.97416312746,-32396.339978696582,,88992.95,,-48.05,8897.617282638224,,-3.3917252644011753,-4871.993,-0.59863126,-41263.055,129.09256,0.02029565,2663.3982,0.0,0.0,0.0,0.0,,,0.0,,,0.13406222297205916,,0.0,178.6909020367805,-0.19619895786832725,-0.0007380689016177452,,-0.34938382051502515,0.002277519711063307,0.0005440167790396306
2026-02-11 23:00:00,8902.0,8916.0,8868.0,8868.0,38048.0,3.3824545e+09,412692,-3597.559,16505.72,20103.28,338243018.0,12621648966.0,1419106.0,-5016.0,8929.0,13945.0,23:00,P2605,2026-02-12,8898.4,,,,,-0.7492066836082962,-0.0038193464,-0.003826659,-0.0067204237,,,-0.0056146383,0.0038193464,-0.0038193665,0.0,0.0,,,39.42857142857143,0.005398101,,,0.0,0,39.50751967583573,,,,,,,,-100.0,85.71428571428571,,,-0.010747622406718881,,,,-0.76096684,0.1665307440661702,,0.0,0,,,,,,,,-0.5738042333959428,,,,,-0.88804406,-0.4480117,,-427.42163,,0.23927521629520898,-50.31807899475098,-125212.0,23.927521866034585,-18690.582197871547,-70444.33997869657,,88899.664,,-98.88203125,8895.961537178515,,-6.2475637071405075,-8469.553,13.740324,522791.84,142.83289,-0.09826978,-7140.5737,0.0,0.0,0.0,0.0,,,0.0,,,0.1692702700926287,,0.0,-608.9597974896191,-0.2832808030811088,-0.001011926749405185,,-0.36786952747547713,0.0035622135223300237,0.0005857008026422872
2026-02-12 00:00:00,8868.0,8868.0,8868.0,8868.0,1.0,88680.0,412692,0.0,0.0,0.0,8868.0,106484.0,12.0,-1.0,0.0,1.0,00:00,P2605,2026-02-12,8888.0,,,,,-0.70787872756,0.0,0.0,-0.0058295727,,,0.0008960366,-0.0,0.0,0.0,0.0,,,37.142857142857146,0.0,,,0.0,0,39.50751967583574,,,,6.19047619047619,10.009920634920634,,,-100.0,92.85714285714286,,,-0.009672860166046973,,,,-0.80536914,0.18638731315358714,,,0,,,,,,,,-0.2860276525175614,,,,,-1.1638126,-0.9999737,,-427.42163,,0.19969533633738804,,-125212.0,19.969533573327706,-21090.368921369445,-70444.33997869657,,88680.0,,-112.0078125,8895.96144881536,,-6.401928265247261,-8469.553,0.0,0.0,142.83289,,0.0,0.0,0.0,0.0,0.0,,,0.0,,,0.1692700529327398,,0.0,0.0,-0.24551002933696098,-0.0009164552757283673,,-0.36263686519457133,0.004755592052814077,0.0004852672817704616
2026-02-12 09:30:00,8866.0,8876.0,8834.0,8874.0,49949.0,4.423084e+09,414095,-170.62338,23611.188,23781.812,442302822.0,5967300168.0,673572.0,-2351.0,14257.0,16608.0,09:30,P2605,2026-02-12,8883.6,,,,,-0.6071824376901194,0.0006766319,0.0006764031,-0.0024729967,,,0.0033671856,-0.0006766319,0.00090232346,-0.00022552999,-0.00022552999,,,37.285714285714285,0.004743039,,,-0.00022556941,0,41.073193912507236,,,,7.407407407407406,8.15861992945326,,,-77.77777777777777,100.0,,,-0.00802355550566299,,,,-0.51569504,0.25829131375709097,,0.95238096,0,,,,,,,,-0.19865174026389235,,,,,49948.21,49948.0,,-393.62454,,0.13104699887380833,,-75263.0,13.104699966865208,-5775.536012372882,-25252.387597744193,,88552.0,,-127.984375,8889.269080187512,,-5.656098114806228,-8640.176,-0.11544923,-5766.573,142.71744,-0.0036002153,-340.78558,0.0,0.0,0.0,0.0,,,0.0,,,0.14402771970560974,,0.0,-24.574496719778683,-0.07378490095095702,-0.0010899454874951126,,-0.5755018414320268,0.006154391194599839,0.0003063247805461985
2026-02-12 10:45:00,8874.0,8874.0,8844.0,8850.0,38977.0,3.4536942e+09,412353,-960.50696,18127.746,19088.254,345367358.0,9751350398.0,1100482.0,-632.0,11042.0,11674.0,10:45,P2605,2026-02-12,8872.4,8924.3,,0.9941844178254877,,-0.832558295888745,-0.0027045012,-0.0027081647,-0.006287873,,,-0.0038286448,0.0027045012,-0.00270453,0.0,0.0,,,33.57142857142857,0.00338636,0.003120636354036162,,0.0,0,36.95319858090839,,,,10.58201058201058,8.059964726631392,-135.30326594090306,,-90.47619047619048,92.85714285714286,,,-0.009249368109647826,0.08404899871516595,9013.613404428037,8834.986595571962,-0.60646904,0.10206662768327737,0.08791208791208792,0.2,0,,,,2.592543338910187,1.0044118404388427,0.004400314053054899,,-0.28954453187680845,-0.0398779823560368,,0.8976749167145518,0.9023686116635327,0.38776726,-0.21966404,,-499.03787,,0.14319620529502688,,-114240.0,14.31962052558571,-6426.392003022207,-48638.58759774419,0.4,88608.516,,-111.65390625,8882.786007406854,-0.009015674297838039,-3.635500745375175,-9600.683,2.5976923,101250.25,145.31512,-0.025809001,-1910.6791,0.0,0.0,0.0,0.0,,,0.0,,,0.17214049641334594,,0.0,-165.34214455993768,-0.14241319075524855,-0.001220172131849852,,-0.5776353655425048,0.0076324195887824235,0.00046248410496125425
2026-02-12 13:45:00,8848.0,8858.0,8820.0,8830.0,52288.0,4.6199255e+09,408330,-2528.3538,23705.322,26233.678,461993148.0,11782679428.0,1333554.0,-503.0,15591.0,16094.0,13:45,P2605,2026-02-12,8858.0,8919.5,,0.9931049946745893,,-1.0068547267718626,-0.00225991,-0.0022624678,-0.008088052,-0.010755122,-1.9443231454645076,-0.0018107891,0.00225991,-0.002034358,-0.0002259887,-0.0002259887,0.0026963808955340124,0.0026987582556480543,31.142857142857142,0.004299089,0.0027815785474468286,,-0.00022598675,0,33.90137774422935,,,,13.186177248677247,10.391865079365077,-153.84615384615333,,-92.1875,100.0,,,-0.010205444942008833,0.04683093345230122,9018.249017316895,8820.750982683105,-0.92010766,-0.02555201111096843,0.05102040816326531,0.2631579,-1,-0.28634023090171606,1.6729493967410314,,2.568013024077822,1.0040551245212554,0.004044125054497272,375816068505.6,-0.43933291953685266,-0.04195978742636136,-0.4517526,1.2671056107130136,0.8688232599955896,-3.1178944,0.3415091,,-617.20404,-0.0007521581751120173,0.1435788706463831,,-166528.0,14.357887083870649,-13989.16108983128,-73406.58759774419,0.5,88355.37,,-116.0078125,8872.518351845534,-0.010748749862130959,-6.00618120744708,-12129.036,5.7138524,298765.9,151.02898,-0.05062888,-5033.955,0.0,0.0,0.0,0.0,-0.5350877192982456,,0.0,,,0.20116001475909548,,0.0,-508.60367963066767,-0.206643081644991,-0.000838218566579079,-0.20033723116912006,-0.40229287208767667,0.009208153836761046,0.0006955913589260996
2026-02-12 14:45:00,8832.0,8840.0,8804.0,8808.0,54509.0,4.806851e+09,404281,-3747.8,24268.6,28016.4,480691370.0,16206159994.0,1837666.0,-577.0,15720.0,16297.0,14:45,P2605,2026-02-12,8846.0,8911.2,,0.9926833647544662,,-1.197201770308573,-0.0024915338,-0.0024946427,-0.006765902,-0.018497884,-3.1022205156072413,0.0013278127,0.0024915338,-0.0027173914,0.00022650056,0.00022650056,0.002338245184749846,0.0023424993766302795,32.57142857142857,0.0040806606,0.0026567515753636757,,0.00022647202,0,30.88027480724917,,,,6.704695767195766,10.157627865961198,-163.85542168674874,,-97.22222222222223,64.28571428571428,,,-0.011137387352477993,0.01784765471310568,9018.220116161205,8804.179883838797,-1.344086,-0.09947092832393568,0.018867924528301886,0.11111111,-1,-0.8433857811570209,1.8318021514989316,,2.587467977934786,1.003889787197113,0.0038807557313703,380676897382.4,-0.4387170420197157,-0.04208267307000574,-0.042340875,1.3247960880005445,0.9513819351953571,0.490488,0.042476296,,-753.0151,-0.0012905645943913655,0.13455288615171074,,-221037.0,13.45528858602281,-29300.880263642248,-115802.47648663308,0.4,88184.54,,-118.75546875,8860.15594728652,-0.012661340058072883,-8.836173139965394,-15876.836,9.33777,508992.53,160.36674,-0.071680225,-7458.434,0.0,-3747.8,0.0,0.0,-0.59375,,0.0,,,0.23011131000489207,,0.0,-862.4111788722383,-0.31245601594492634,-0.0010648059168098761,-0.39852734972191284,-0.39477729313974685,0.010851586900088141,0.0009949852068732177
2026-02-12 15:00:00,8810.0,8816.0,8782.0,8784.0,25869.0,2.276346e+09,401005,-2481.232,11250.884,13732.116,227633494.0,4603027724.0,522966.0,-2429.0,7174.0,9603.0,15:00,P2605,2026-02-12,8829.2,8901.7,,0.99185548827752,,-1.4035567181369244,-0.0027247667,-0.0027284857,-0.009472251,-0.021172285,-3.252582516066831,-0.0027247667,0.0027247667,-0.0029511917,0.00022706631,0.00022706631,0.002360449336931958,0.002364616468940322,32.285714285714285,0.0038640848,0.0027069526530905563,,0.00022706791,0,27.953693354585134,,,,3.9316990182954026,7.940857344722805,-177.12376024148725,,-98.79518072289157,71.42857142857143,,,-0.01204034728512369,-0.003722318692904052,9018.530241218434,8784.869758781568,-1.5246637,-0.20694735771375974,0.008547008547008548,0.05882353,-1,-0.6565796156273194,1.4412816778506543,,2.6040336863117743,1.00408336520195,0.004074289428535849,384840973721.6,-0.9755317805846225,-0.04080007257535289,inf,0.609562274012015,1.0442933505189256,0.4745559,-0.5254178,,-823.5021,-0.0013343897196663836,0.14360665624150476,,-246906.0,14.360665583318985,-40163.73615837285,-138628.0647219272,0.6,87995.13,-0.901353664657681,-153.77109375,8856.562167525604,-0.01478052655124519,-8.804388544415124,-18358.068,6.7607784,174894.58,167.12752,-0.099316835,-4935.5674,0.0,0.0,0.0,0.0,-0.6388888888888888,,0.0,,,0.24336667305665757,1.9034401022451826,0.0,-603.8491607606485,-0.347359993721828,-0.0013402907768197889,-0.45249382684451167,-0.40346282943131284,0.012362542308423496,0.0013030865386231356
2026-02-12 22:00:00,8790.0,8828.0,8780.0,8796.0,56807.0,5.0037146e+09,397861,-1804.4242,25967.787,27772.213,500376590.0,10970353254.0,1244916.0,-2115.0,14073.0,16188.0,22:00,P2605,2026-02-13,8813.6,8892.6,,0.9911162089827497,,-1.2166360947853172,0.0013661385,0.0013652061,-0.008789718,-0.020271778,-3.0304814144874834,0.00068950653,-0.0013661385,0.00068259385,0.0006830601,0.0006830601,0.0024001284261811638,0.002404246166442218,33.42857142857143,0.005452048,0.00276308550733679,,0.000682836,0,31.451778210664244,,,,4.5021355262319105,5.04617677057436,-141.66413604616167,,-90.47619047619048,78.57142857142857,,,-0.008454431179294123,0.09787842762604976,9012.71292931851,8772.48707068149,-1.1241008,-0.030932647875459057,0.06779661016949153,0.33333334,0,-0.6422828814308368,1.2432364405854528,,2.5891701974770953,1.0041782200336455,0.004168927320279181,372055014809.6,-0.9781728444133009,-0.039589811596853854,0.8407972,1.298861349917688,1.0446771538320834,-49946.805,1.1959488,0.16646812830495938,-745.8959,-0.001221868334205534,0.24244927353994244,,-190099.0,24.244927771873982,-46981.36785848631,-157563.73138859385,0.6,88082.71,-0.901122311489388,-141.184375,8812.12327096768,-0.012599309514873579,-15.728165719825775,-20162.492,-2.4650934,-140034.56,164.66243,-0.033576958,-3599.015,0.0,0.0,0.0,0.0,-0.40540540540540543,,0.0,,,0.20570638761087584,1.1885048987021536,0.0,-371.1815827345107,-0.3638815702384354,-0.0011632141000258603,-0.42591115584138534,-0.3803997383019792,0.0132614299035241,0.0011432000600250937
2026-02-12 23:00:00,8798.0,8824.0,8790.0,8800.0,33016.0,2.9068595e+09,393716,1846.0382,16867.52,15021.48,290684618.0,10338880440.0,1174377.0,2372.0,10994.0,8622.0,23:00,P2605,2026-02-13,8803.6,8882.2,,0.9911508410078583,,-1.1253730270017601,0.00045478344,0.00045468,-0.0056497455,-0.023090601,-3.6523131920747876,0.0031592846,-0.00045478344,0.00022732439,0.00022737608,0.00022737608,0.0022026616321291475,0.002207517666019018,33.857142857142854,0.0038605223,0.002747158041205509,,0.0002273063,0,32.62606442828736,,,,7.544463568559952,5.3260993710290885,-121.20296206740353,,-88.0952380952381,78.57142857142857,,,-0.00594228878664291,0.13915848023886018,8996.100418186928,8768.299581813073,-1.1902088,0.056639344679292936,0.08547008547008547,0.29411766,0,-1.0448702892797292,1.7330284072597961,,2.587467977934786,1.0041488051414489,0.004140084283426404,398693772697.6,-0.11253641828106851,-0.03987784459271167,-0.16062438,0.7603851672382146,1.0248203021181435,-0.19914001,-0.41880405,0.19681329019452576,-730.88074,-0.0013645737693710521,0.24633291070472524,,-157083.0,24.63329132233137,-49824.99123530135,-171158.55491800563,0.6,88043.96,-0.9009682046041907,-72.4640625,8808.041727066544,-0.01123994288421589,-17.69859258768265,-18316.453,0.83954763,27718.504,165.50198,0.057889525,3688.7212,0.0,1846.0382,0.00045478344,0.0,-0.35714285714285715,,0.0,,,0.19406773852878856,0.8689724915357729,0.0,358.25646026581353,-0.36021406507038317,-0.0010668315777106077,-0.5291284984472313,-0.3908133035636371,0.01379937802095094,0.0007784832612786859
2026-02-13 00:00:00,8798.0,8798.0,8798.0,8798.0,5.0,439900.0,393714,-5.0,0.0,5.0,43990.0,263898.0,30.0,0.0,0.0,0.0,00:00,P2605,2026-02-13,8797.2,8872.0,,0.9915689810640217,,-1.1041841402149601,-0.00022727251,-0.00022729834,-0.003624022,-0.022661626,-3.889011061086801,0.0020326376,0.00022727251,0.0,-0.00022727273,-0.00022727273,0.0022100665952322685,0.0022149395630541194,31.571428571428573,0.0,0.0024578102059244424,,-0.00022729834,0,32.32786317969823,,,,10.714285714285714,7.586961603025859,-116.55781597978446,,-89.28571428571429,78.57142857142858,,,-0.004527587299155004,0.14732007527538543,8976.910989841259,8767.089010158741,-1.1682768,0.05923916394774874,0.08108108108108109,,0,-1.0636356942670573,1.7161526847013984,,2.5265506687927646,1.0036897838115693,0.0036846299190074205,338198916399.2,0.24058814631257786,-0.044463675372798966,-0.99994415,0.00012839640592780525,0.8741535466939209,-1.3413577,-0.99984854,0.19381321960470502,-730.8819,-0.0014448698687135992,0.26661781012031,,-157088.0,26.66178117708412,-46458.74704988014,-171158.55491800563,0.7,87980.0,-0.9008918160357315,-36.025,8808.04158518726,-0.01055411653309774,-15.274916465757414,-18321.453,0.0011363626,0.0056818128,165.50311,-1.0,-9.995457,0.0,0.0,0.0,0.0,-0.37142857142857144,,0.0,,,0.19406730923261123,0.8170862474739964,0.0,-0.9703365461630562,-0.3121855230609988,-0.0011948397701157124,-0.5174453748011715,-0.49733222176299313,0.01423737420388366,0.0004024845594279767
2026-02-13 09:30:00,8790.0,8790.0,8746.0,8762.0,41547.0,3.6422328e+09,391391,-4097.1772,17766.912,21864.088,364218204.0,4154416392.0,473890.0,-5349.0,9979.0,15328.0,09:30,P2605,2026-02-13,8788.0,8863.3,,0.9915042929834261,,-1.453778992268727,-0.004091859,-0.0041002533,-0.0052224994,-0.019471824,-3.1285814384579673,-0.0016003251,0.004091859,-0.003185438,-0.00090929755,-0.00090929755,0.0018162263501538282,0.0018182195283877407,32.714285714285715,0.005018258,0.0023091189502104084,,-0.0009096825,0,27.462245300978854,,,,10.43823326432022,9.565660849055297,-144.95271183169592,,-91.30434782608695,100.0,,,-0.007334737553797456,0.044647557797737596,8974.532520803086,8752.067479196912,-1.1953089,-0.12896579406189515,0.07920792079207921,0.36363637,-1,-0.14030057211791908,-1.3130819730242753,,2.5586932306249484,1.003538191318512,0.0035328493220731618,339416322760.8,0.7972627229181907,-0.04513092921755245,-0.21701032,1.0829077194349706,0.819701742291056,8308.358,8308.4,0.14703595514799564,-900.88635,-0.0011796902408544845,0.17367291239927132,,-198635.0,17.367291547148177,-44463.44287858234,-182489.55491800563,0.7,87665.36,-0.9011902074630239,-76.22578125,8801.257973056252,-0.013668464104368222,-11.469007471912773,-22418.63,16.765072,696538.44,182.26819,-0.1033831,-8127.8384,0.0,-4097.1772,0.0,0.0,-0.6323529411764706,,0.0,,,0.22021155133716208,1.276567734428549,0.0,-902.2457574656262,-0.3116489492711695,-0.0013750520270800085,-0.5407410910676985,-0.5405420068749729,0.014854376836007637,0.00043140216962947724
2026-02-13 10:45:00,8762.0,8772.0,8730.0,8732.0,42000.0,3.675818e+09,388630,-5150.7964,17428.602,22579.398,367581354.0,13940676772.0,1592977.0,-2561.0,11481.0,14042.0,10:45,P2605,2026-02-13,8777.6,8852.9,,0.9914943125981318,,-1.7283236064888587,-0.0034238696,-0.0034297444,-0.0059198737,-0.023266196,-3.4777736189633193,-0.0006991029,0.0034238696,-0.003423876,0.0,0.0,0.0018616778785741329,0.0018637759803518028,33.285714285714285,0.004799512,0.0023853041974855865,,0.0,0,24.194281972868954,,,,6.820856489048707,9.324458489218214,-152.19020369235054,48.38299879608378,-98.94736842105263,100.0,,,-0.008957120517304013,-0.005363979090103414,8972.516756439267,8733.283243560732,-1.5336039,-0.25796922235779535,0.009174311926605505,0.04761905,-1,0.05904450110656839,-1.39239694284632,,2.568013024077822,1.0036891758441926,0.003683858591830358,328103981359.2,0.6947994504487185,-0.043689222399967705,1.5181365,1.0597443492917376,0.8749198883735952,0.53632116,0.010903358,0.17185166630764928,-1044.6888,-0.0013331547205536931,0.1730435278651078,,-240635.0,17.304353088468847,-51695.96000136214,-220489.55491800563,0.9,87519.48,-0.9014237466757791,-150.50703125,8783.531405491074,-0.01602431868439615,-6.396748496351065,-27569.428,17.635654,740697.5,199.90384,-0.12874417,-10231.53,0.0,-5150.7964,0.0,0.0,-0.6076923076923076,,0.0,,,0.2409431099382124,1.599127264878137,0.0,-1241.048900074523,-0.40719096118175313,-0.0014277518296564398,-0.6315403677375467,-0.5513113058396761,0.015586079987288465,0.0006205832471070723
2026-02-13 13:45:00,8730.0,8746.0,8706.0,8712.0,47894.0,4.1784294e+09,385242,756.67444,23185.338,22428.662,417842826.0,11338876302.0,1299476.0,2701.0,15525.0,12824.0,13:45,P2605,2026-02-13,8760.8,8842.5,,0.9907605315238902,,-1.8873200055920685,-0.0022904277,-0.0022930547,-0.009549797,-0.02331841,-3.182681629882665,-0.0036565661,0.0022904277,-0.0020618557,-0.0002290426,-0.0002290426,0.0018633158065147974,0.0018654161106691947,35.0,0.0045840414,0.002403098874506818,,-0.00022908687,0,22.28994599319967,,,,4.184007356872471,7.1476990367471345,-156.01421712290403,49.949274204637966,-97.19626168224299,92.85714285714286,,25.631056322041374,-0.009431917020853829,0.000793326005723769,8973.207387138715,8711.792612861285,-1.8255578,-0.27666672301903805,0.024793388429752067,0.15,-1,0.06194751565899054,-1.39786757670005,,2.5716542372803204,1.0037167012691497,0.003711633285274729,324701060604.0,0.6445074280636819,-0.04452518893954706,-0.23706514,1.2315849835810955,0.8458217295265134,-1.0556155,0.1403333,0.17209761905649465,-1154.3866,-0.0013190983271066422,0.16304973808706913,,-288529.0,16.304974019543952,-60622.384278739104,-254015.3549180056,0.8,87243.27,-0.901540109404558,-206.18984375,8770.548983989052,-0.01743151713603126,-9.949566585116553,-26812.754,-1.733108,-83005.48,198.17073,0.016588675,1506.448,0.0,0.0,0.0,0.0,-0.6232876712328768,,0.0,,,0.2558039653490205,1.6874843242804516,0.0,193.56032184054814,-0.46671668659889914,-0.001639493717188348,-0.632416612487193,-0.5931594400648323,0.01644057435232476,0.0008112912125661161
2026-02-13 14:45:00,8714.0,8714.0,8674.0,8696.0,58511.0,5.0878725e+09,375814,1177.4525,28621.727,27444.273,508789858.0,11611918770.0,1335046.0,1047.0,18898.0,17851.0,14:45,P2605,2026-02-13,8740.0,8832.1,,0.9895721289387575,,-1.9999699478595416,-0.0018365383,-0.0018382268,-0.011818171,-0.023360312,-2.916078547355662,-0.0022913218,0.0018365383,-0.0020656416,0.00022956841,0.00022956841,0.0018640853045059284,0.0018661852938880732,34.714285714285715,0.004600892,0.002433865373256248,,0.00022957075,0,20.874413669193963,,,,4.315759662537821,5.106874502819668,-161.93914388860367,51.69106778045764,-90.9090909090909,100.0,,29.365688383776238,-0.009261348765931706,0.02298282409766142,8974.75733696334,8689.442663036662,-1.7401131,-0.30826368187650305,0.08029197080291971,0.55,-1,0.06523007967437443,-1.4007720060332574,,2.5787950953281236,1.0037672579288484,0.0037619295704644173,325948451528.8,0.6418047473084126,-0.04408701807274931,0.15222228,1.4897923849001646,0.9673274839209057,0.6404811,0.22167706,0.1723395517886528,-1261.8442,-0.001326978792986751,0.16664740616898885,,-347040.0,16.66474091668309,-56901.26382141706,-248164.2549180056,0.4,86955.83,-0.9016046935005314,-247.04296875,8756.903218105155,-0.018360963650760915,-13.298572323139524,-25635.3,-2.1624367,-126526.336,196.0083,0.021001197,2346.2869,0.0,0.0,0.0,0.0,-0.5595238095238095,,0.0,,,0.26885068586761013,1.7034000299776222,0.0,316.5589161397747,-0.3842400599519197,-0.0016589628825646027,-0.6333046544082971,-0.5836039346604465,0.017425767183760855,0.0009552133462037229
2026-02-13 15:00:00,8696.0,8706.0,8692.0,8698.0,17559.0,1.5274972e+09,371311,872.0886,8663.544,7791.4556,152748908.0,3680751812.0,423145.0,716.0,5460.0,4744.0,15:00,P2605,2026-02-13,8720.0,8821.4,,0.9885052259278573,,-1.9148642061534678,0.00022995472,0.00022992828,-0.011366248,-0.024012566,-2.865399448086189,0.00045722723,-0.00022995472,0.0002299908,0.0,0.0,0.0018305544496096914,0.0018326711204783956,32.285714285714285,0.0016093411,0.0024165788222576226,0.7478544011727872,0.0,0,21.54510932406456,,,,7.925278509159326,5.475015176189874,-138.18115545835818,53.308447529433046,-88.11881188118812,92.85714285714286,,30.215115697585315,-0.00667157405091217,0.08692722904067648,8970.768354289505,8672.031645710495,-1.4949038,-0.2684580754319335,0.08759124087591241,0.42857143,0,0.0708906383604889,-1.3307671048525351,,2.5661741705477383,1.0037130773067475,0.003707757935626432,344415080751.2,0.6419937267222198,-0.04478007590500883,-0.4091062,0.4541110902778227,1.0733304454085228,0.29994595,-0.6999026,0.18048371847759556,-1257.8065,-0.001377127859500982,0.20692024624169597,,-329481.0,20.69202487724885,-51004.28146874742,-250672.6834894342,0.4,86992.266,-0.9014592931952586,-190.98359375,8753.630621577266,-0.01723491929168861,-12.188289034389891,-24763.213,0.2005409,3521.2976,196.20885,0.052998383,1743.3755,0.0,0.0,0.0,0.0,-0.3695652173913043,,0.0,,,0.26410040521303946,1.4287468566654362,0.0,230.3189587283613,-0.34203120000165144,-0.0013686808981999224,-0.6631147601471629,-0.5766796147619124,0.018032396088623077,0.000805950918949009
2026-02-24 10:00:00,8840.0,8902.0,8832.0,8896.0,137318.0,1.2173444e+10,375593,4759.8696,67412.94,62653.066,1217297592.0,9609808740.0,1083117.0,2848.0,39747.0,36899.0,10:00,P2605,2026-02-24,8746.8,8819.8,,0.9917231683258124,,0.30796552477466366,0.022763848,0.02250862,0.01529336,-0.003584206,-0.44080929439106276,0.026855707,-0.022763848,0.0063348417,0.016325593,0.016325593,0.005654623384036183,0.005601356691823857,46.857142857142854,0.007894505,0.0025886740265525987,1.6137182957702472,0.016193764,1,58.788393639407545,,,,39.44683942078419,17.229292530827113,60.63689466741817,50.2989615359437,-2.6315789473684212,-14.285714285714278,,57.95220155661621,0.024955035971223023,0.7624192831033321,8964.98750127443,8674.612498725568,0.99909174,0.9746070537667331,0.8102189781021898,0.9142857,0,3.812714173579431,15.95906191734345,,2.70176461368513,1.0039182245731353,0.003910781018203124,336478929199.2,0.996284701257436,-0.08921013848991947,2.2089643,3.1645159766368116,1.3978367503551836,-8301.58,6.820377,0.007911789218963176,1868.0797,0.002245869088675319,0.3742221992138304,,-192163.0,37.422218902814855,-7753.108554587321,-136894.91206086276,0.8,88651.484,-0.8991905898208983,201.30078125,8872.364426003838,0.0053749576072417565,16.074767861373257,-20003.344,108.35295,1.4878811e+07,304.5618,0.036595814,9105.2,0.0,4759.8696,0.022763848,0.0,0.8373493975903614,,0.0,,,0.14589318204452262,-0.9421939776201901,0.0,694.4325262782138,0.02720800871229373,-0.0009190406209589648,-0.03205016745455819,0.6028007018647017,0.017740081432291888,-0.0017144413703794876
2026-02-24 11:15:00,8898.0,8910.0,8842.0,8854.0,59819.0,5.313638e+09,375323,-1481.8291,27816.086,29297.914,531367250.0,9538876568.0,1073612.0,2207.0,17925.0,15718.0,11:15,P2605,2026-02-24,8771.2,8816.5,,0.9948619066522998,,-0.16060030343206017,-0.0047212243,-0.0047324044,0.013971567,-0.007399082,-0.9534699202654061,-0.0012973547,0.0047212243,-0.0049449313,0.00022482015,0.00022482015,0.005744642556617003,0.005692135653127873,48.714285714285715,0.007661128,0.0027325074774565672,1.6184232015866868,0.00022480344,0,53.03696903046805,,,,61.840265204040485,36.404127711328,57.70907649623187,47.6383425556116,-23.728813559322035,-21.42857142857143,,52.10692384316536,0.019814772983962108,0.6354360682390838,8954.941703482567,8678.058296517433,0.7969035,0.7171450272589567,0.703125,0.1764706,0,3.7157449721522036,15.383506143654834,,2.711722113478631,1.004100775718689,0.004092994536040351,317296841416.8,0.9762685995303528,-0.0881923094009753,0.20111239,1.3628105076223662,1.4630796797273422,-0.5752795,-0.5643761,0.016885024596394887,1585.6608,0.0019486326659774198,0.3686147187117613,,-251982.0,36.8614710620861,-1670.2953280566726,-175601.32382556863,0.9,88828.6,-0.899639473259018,486.63125,8878.577377129905,0.0008468590011415939,33.151799418039154,-21485.172,6.9960475,418496.56,311.55783,-0.025945095,-2935.9358,0.0,0.0,0.0,0.0,0.2894736842105263,,0.0,,,0.15556870619575341,-0.8480038543438876,0.0,-230.52623613329382,-0.0848867908516329,-0.0013383988449017384,-0.0652343422887729,0.5715923803692822,0.017731663988665953,-0.0028237644144492504
2026-02-24 14:15:00,8854.0,8870.0,8834.0,8854.0,38517.0,3.4093627e+09,374921,-1154.8223,17830.088,18984.912,340937542.0,9916866302.0,1120240.0,-668.0,10119.0,10787.0,14:15,P2605,2026-02-24,8799.6,8814.4,,0.9983209293882738,,-0.15588412834237944,0.0,0.0,0.016299367,-0.0047212243,-0.6241428018818266,0.0022904277,-0.0,0.0,0.0,0.0,0.005718533368803236,0.0056660904699821395,49.142857142857146,0.0040668882,0.0027390589415753853,1.6193004137087668,0.0,0,53.03696903046805,-37.603380393795305,-57.33193467374521,19.728554279949904,83.30359797799584,61.530234200940164,44.083333333330785,44.98831237204526,-23.728813559322035,-21.42857142857143,,53.90700031620624,0.018769189067088285,0.6471193747511518,8948.984585024857,8679.815414975143,0.6593906,0.6940454923593344,0.7317073170731707,0.5555556,0,3.69200241808635,15.293428548684407,,2.706234754090822,1.0041134357452393,0.004105195350712165,1705458339516309.5,0.9743738807702415,-0.04338327518186586,-0.02176565,0.8783608127522747,1.421741807484436,-0.4964409,-0.3561076,0.010535176620151293,1585.6608,0.0020714925930777634,0.36887896193124714,,-251982.0,36.887895421478966,2331.685415650427,-171321.65715890197,0.9,88515.79,-0.8996021259230701,495.62578125,8869.64497070311,0.0011181506262557645,35.043026074854424,-22639.994,-0.0,-0.0,311.55783,-0.031368308,-2309.6445,0.0,0.0,0.0,0.0,0.2627118644067797,,0.0,,,0.151662700127833,-0.9540849369801374,0.0,-175.1434629724291,-0.061567346037557515,-0.0011446942433914436,-0.04175961155642252,0.5598210572103431,0.0178396831921443,-0.003385944642285341
2026-02-24 15:00:00,8852.0,8858.0,8828.0,8838.0,21391.0,1.892068e+09,372000,-1316.1581,9691.921,11008.079,189203626.0,5652332102.0,638951.0,-2337.0,5296.0,7633.0,15:00,P2605,2026-02-24,8828.0,8811.0,,1.0019294064237885,,-0.32673420462455033,-0.0018070936,-0.0018087284,0.016329288,-0.0076352954,-1.0614911460751102,2.9444695e-05,0.0018070936,-0.0015815635,-0.0002258866,-0.0002258866,0.005719799869887739,0.005666980740233957,48.57142857142857,0.003392538,0.002766183565603632,1.6433871949791052,-0.00022592711,0,50.83948833835521,-32.36687986277502,-52.338923711551175,19.972043848776153,74.01129943502825,73.05172087235485,35.79211516872299,42.3883455307568,-30.508474576271187,-21.42857142857143,,56.35964780177305,0.01598722606924631,0.6053686064283162,8939.121652716212,8682.878347283788,0.4318182,0.6027836588614949,0.6666666666666666,0.33333334,0,3.7744634708913645,15.7587793302917,,2.7128065629233453,1.0041934251785278,0.004185089922975749,1705457439363784.8,0.9787411243134985,-0.04309171259204896,0.38390374,0.48453260305746393,1.244024037492327,-0.6663119,-0.44463485,0.017533873665123947,1547.0052,0.0019940832672718594,0.3868899785925826,,-273373.0,38.68899706176022,1488.1455305926502,-178451.99049223532,0.9,88451.59,-0.8997503693239306,278.29609375,8865.830689084558,-0.0004033678422472117,22.168067971385316,-23956.152,2.3784208,50876.8,313.93625,-0.063582525,-2622.8367,0.0,0.0,0.0,0.0,0.19491525423728814,,0.0,,,0.15218536333299398,-0.994794959750833,0.0,-200.29999576896375,-0.07432678600399542,-0.0011122345001370246,-0.06762432851948069,0.5612609436225758,0.0179522705351014,-0.003341143726201605
2026-02-24 22:00:00,8808.0,8808.0,8776.0,8800.0,70233.0,6.1760266e+09,376277,-693.2586,32995.87,33689.13,617597170.0,12980502032.0,1476115.0,-138.0,18247.0,18385.0,22:00,P2605,2026-02-25,8848.4,8805.9,,1.004826309633314,,-0.7344646930539215,-0.0042996407,-0.0043089106,0.011726856,-0.011458099,-1.6890248940961274,-0.0045295954,0.0042996407,-0.00090826524,-0.003394433,-0.003394433,0.005787088586913302,0.005734661598657438,50.42857142857143,0.0036396233,0.002729412271204066,1.6567160804413628,-0.003400199,0,45.96811552156997,-30.926694206131288,-48.0564778104672,17.129783604335913,66.38418079096044,74.56635940132817,-20.24482109228211,39.84324215033637,-46.610169491525426,-21.428571428571423,,57.11625882398737,0.01076855679999984,0.47557537530191973,8926.67974734374,8685.12025265626,0.022732439,0.4193645930979472,0.5206611570247934,0.75,0,3.7358542679558884,15.491496230337537,,2.7149627118409603,1.0041278779506684,0.004119772627018392,1705396316105826.5,0.940104788492023,-0.043028165987754705,0.018918037,1.5885182831255131,1.4804638465244306,2.9831994,2.2832968,0.026410841190324368,1245.0286,0.00168392086438897,0.3776298913897578,,-343606.0,37.762988605218965,12181.206893015158,-143335.49049223532,0.5,87936.25,-0.9001215459780142,-180.74765625,8793.69292500923,-0.0041159644646598425,-17.008969003455714,-24649.41,2.980763,209347.92,316.91702,-0.010396008,-1374.6958,0.0,0.0,0.0,0.0,0.03389830508474576,,0.0,,,0.16548526055089544,-0.757477242973064,0.0,-114.72408103594987,0.03635549026750927,-0.0009825413082061069,-0.10047850121641069,0.5347240396633488,0.018292883704924226,-0.002636170301976595
2026-02-24 23:00:00,8802.0,8820.0,8768.0,8818.0,48387.0,4.2559473e+09,372464,-135.70299,23129.148,23264.852,425594570.0,13618386810.0,1548212.0,870.0,14932.0,14062.0,23:00,P2605,2026-02-25,8832.8,8803.4,,1.0033396187836516,,-0.5171330824912703,0.0020455122,0.0020434228,-0.008767962,-0.005638242,-0.8518623415296129,-0.020718336,-0.0020455122,0.0018177687,0.00022727273,0.00022727273,0.0057617929632213655,0.005709708704688638,51.714285714285715,0.0059131454,0.0027485908864010354,1.6808196976893919,0.0002273063,0,48.486073307276584,-28.010005224929046,-44.047183293359566,16.03717806843052,61.29943502824858,67.23163841807907,-4.45571176154481,37.22120559233734,-38.983050847457626,-21.42857142857143,,61.46347371004117,0.011859012003447389,0.5621859509422581,8920.78985879268,8686.01014120732,0.63912344,0.5075670745480437,0.6101694915254238,0.96153843,0,3.629978855122983,14.878194339238371,,2.724461423346191,1.0041537761688233,0.0041439880849793555,1705402347636629.5,0.4407029471819938,0.0,0.27173567,1.0817608375614942,1.0657178595501662,-7.1314273,-0.31105036,0.012622033287879827,1344.0048,0.001937735449983465,0.4368715746813469,,-295219.0,43.68715712669302,29659.82507548033,-98670.56741531224,0.5,87956.42,-0.8998636479879112,-232.38984375,8794.977805640727,-0.001508381260889822,-24.315118867224083,-24785.113,-0.2775821,-13431.365,316.63943,-0.0029250146,-270.30017,0.0,0.0,0.0,0.0,0.11016949152542373,,0.0,,,0.15341988975550142,-1.009861932488821,0.0,-20.819537407961406,0.15539223019337506,-0.000641512917354703,-0.04951322933984956,0.5254434015556538,0.018216256806680126,-0.002184490691781172
2026-02-25 00:00:00,8818.0,8818.0,8818.0,8818.0,2.0,176360.0,372462,-0.40000004,0.8,1.2,17636.0,343826.0,39.0,2.0,2.0,0.0,00:00,P2605,2026-02-25,8825.6,8800.9,,1.0028065311502234,,-0.503592849931705,0.0,0.0,-0.004065931,-0.005638242,-0.8797562770330435,0.0047212243,-0.0,0.0,0.0,0.0,0.0057617929632213655,0.005709708704688638,48.285714285714285,0.0,0.0027485908864010354,1.6559339534411928,0.0,0,48.486073307276584,-25.40564770148194,-40.31887617498404,14.913228473502102,58.474576271186436,62.05273069679847,25.448613376832846,34.78645735990966,-38.983050847457626,-21.42857142857143,,62.331643849683324,0.01096732333097554,0.5752191616995622,8914.5678448259,8687.232155174099,0.9848832,0.5073149310504012,0.6101694915254238,,0,3.629978855122983,14.878194339238371,,2.7213315119914636,1.0041537761688233,0.0041439880849793555,1705446187635810.5,0.8845071035566009,0.0,1.0,4.4712820730652204e-05,0.7982579885043337,-0.43558258,-0.9999587,0.012622033291375186,1344.0048,0.0019377332839430202,0.3849700160488001,,-295219.0,38.49700078986829,34113.82114326331,-98670.56741531224,0.5,88180.0,-0.8998352114475231,-116.675,8794.978077388781,-0.0009371828436111354,-22.018667007246986,-24785.514,-0.0,-0.0,316.63943,-0.20000002,-0.8000001,0.0,0.0,0.0,0.0,0.11016949152542373,,0.0,,,0.15341970646591602,-0.9757934358348326,0.0,-0.06136788807308267,0.13467326616759173,-0.0006902363633603922,-0.04951322933984956,0.5266865779401093,0.018050664723401135,-0.0016687655889546097
2026-02-25 09:30:00,8822.0,8856.0,8822.0,8856.0,40396.0,3.5710684e+09,374815,6399.961,22535.48,16135.52,357106468.0,6681191414.0,755599.0,5774.0,14140.0,8366.0,09:30,P2605,2026-02-25,8826.0,8800.0,,1.0029545454545454,,-0.07290907197167594,0.004309416,0.0043001566,0.0002259016,-0.0020284057,-0.3228841372145414,0.004309416,-0.004309416,0.0038540014,0.0004536176,0.0004536176,0.005849700090469332,0.005798551802528602,48.57142857142857,0.0038466284,0.00272321405410873,1.627499396429917,0.0004534885,0,53.76177185146553,-20.044334568279737,-36.26396785364318,16.219633285363443,66.38418079096044,62.05273069679847,71.69591616068979,32.89404556616937,-22.88135593220339,-21.42857142857143,,54.80022271540265,0.014358792101088508,0.7511321067674699,8911.495102559411,8688.504897440589,1.6528925,0.6831422944278882,0.7711864406779662,1.0,0,3.3900843894590107,13.271805459342952,,2.7285799659614796,1.004108762741089,0.004099301947280765,1705417582773756.0,0.5540768754628956,0.04564287691586304,-0.1912551,0.9128575383172607,0.815366450293488,20197.355,20197.0,0.10444297668989448,1518.0879,0.0021167463600866854,0.3924288678559307,,-254823.0,39.24288608655031,45687.92670342329,-58274.56741531224,0.5,88401.54,-0.8993949673645225,14.3640625,8804.426517705851,0.0038506215391891333,-12.152319037786219,-18385.553,27.580093,1.1141255e+06,344.21954,0.16549769,12690.544,0.0,6399.961,0.004309416,0.0,0.2711864406779661,,0.0,,,0.13632782199555205,-1.3461752479871902,0.0,872.4927354659864,0.23764115087965534,-0.00043224119976262694,-0.01750755106857504,0.5280198465483612,0.017614617552657023,-0.0015245761759868884
2026-02-25 10:45:00,8854.0,8860.0,8824.0,8856.0,43153.0,3.8154857e+09,377795,1277.6261,21124.312,19846.688,381546494.0,13276261900.0,1501458.0,-477.0,10918.0,11395.0,10:45,P2605,2026-02-25,8829.6,8800.3,,1.0033294319511836,,-0.07108764090585146,0.0,0.0,0.0020366907,0.00067794323,0.10705467538719515,0.0018070936,-0.0,0.0002258866,-0.0002258356,-0.0002258356,0.0058171388519567754,0.005766006783730893,51.0,0.004071519,0.0027400810034546898,1.616004401344212,-0.0002258675,0,53.76177185146553,-15.615450095619963,-32.13426430203854,16.518814206418575,71.75141242937853,65.53672316384178,76.55689964157557,31.218062781887852,-22.88135593220339,-21.428571428571427,,63.61136395271403,0.013540537978020576,0.7484560591721178,8912.392255237402,8688.207744762596,1.8399265,0.6575008113345219,0.7711864406779662,0.8888889,0,3.3749212988047756,13.255397627632705,,2.718165554800109,1.0041431486606598,0.004133062448818237,3616226058021577.0,0.5657888303761068,0.045428526766686794,0.107140064,0.9705798670971557,0.9094297143229859,0.5128842,0.068249345,0.09774727724099791,1518.0879,0.0022255119023818393,0.43192658576988857,,-254823.0,43.19265783732083,56948.617964591685,-24711.122970867793,0.5,88417.625,-0.8993840578983339,140.78671875,8815.178405895533,0.0042354193144337774,5.241967383773299,-17107.926,0.0,0.0,344.21954,0.031183641,2555.2522,0.0,0.0,0.0,0.0,0.2711864406779661,,0.0,,,0.13298070799902603,-1.3199546362043497,0.0,169.89962315422488,0.2999248067632899,-0.00041611008574753735,0.005877515683800092,0.525283094529414,0.01695609877908656,-0.0011579375179101717
2026-02-25 13:45:00,8856.0,8930.0,8844.0,8926.0,97261.0,8.638336e+09,388191,15137.229,54103.113,38965.887,863831482.0,17535811340.0,1976869.0,9326.0,31979.0,22653.0,13:45,P2605,2026-02-25,8854.8,8805.1,,1.0056444560538778,,0.7011210231744147,0.007904291,0.007873216,0.014318228,0.010872006,1.5368176100890663,0.012203932,-0.007904291,0.0079042455,0.0,0.0,0.006044293508522746,0.005994449271321624,53.42857142857143,0.009677165,0.002977171907705588,1.5855047753684353,0.0,0,62.06236896168228,-6.383526932189852,-26.9841168280688,20.600589895878947,84.22492937853107,74.12017419962334,149.1816056118486,30.88760446175292,-1.5625,-78.57142857142857,-0.03015487889327373,71.14067793796087,0.020497244472329774,0.9838574195039367,8930.03349809945,8680.16650190055,2.6212924,0.9316049273934042,0.984375,0.95348835,1,2.855162684156912,9.79605125209668,,2.742527544331751,1.004413938522339,0.004399625665973872,3616221367855407.0,0.24418003171763442,0.04324155368156935,0.8601017,2.082244159136111,0.9813764592793361,-1.0294328,1.253864,0.06776300163228285,2286.8672,0.003064704618938256,0.5337494355494994,,-157562.0,53.37494309093393,84446.03802074103,63502.342145411276,0.4,88816.03,-0.8986152959130245,195.684375,8830.245093749329,0.012415799674646351,9.073490472397534,-1970.6973,119.64906,1.1637188e+07,463.8686,0.1626452,29803.309,0.0,15137.229,0.007904291,0.0,0.573394495412844,,0.0,,,0.12496957786376729,-1.34089086195623,0.0,1891.693057625037,0.4878636760831139,0.0003723096212654907,0.09019577012441549,0.5544446516737186,0.015902694657069564,-0.0014806957751064614
2026-02-25 14:45:00,8924.0,8930.0,8868.0,8872.0,69285.0,6.166115e+09,387050,-8114.8584,29110.57,37225.43,616607168.0,14974695678.0,1682203.0,-5995.0,16618.0,22613.0,14:45,P2605,2026-02-25,8865.6,8808.3,,1.006505228023569,,0.08971500711811468,-0.0060497522,-0.0060681263,0.006123781,0.007266164,0.9963057796865689,-0.008095264,0.0060497522,-0.0058269836,-0.00022406453,-0.00022406453,0.006189404288715805,0.0061411452020109355,54.857142857142854,0.00696706,0.0030722326019121345,0.835709172798472,-0.00022407896,0,54.00775582696916,-3.3854842607579485,-22.26439031460663,18.87890605384868,84.29996468926554,80.09210216572502,117.08755409711473,30.58075030734192,-22.65625,-85.71428571428571,-0.02286584200620334,65.34422926382871,0.01327106626582681,0.7479088991246658,8936.774613507052,8679.825386492947,-0.26978418,0.6574224060146064,0.7734375,0.06451613,0,2.686593414901952,9.038637808748312,,2.7567255829745116,1.0045590579509736,0.004544679878745228,3616216809921225.0,0.1029395252214171,0.04256825821680348,0.27107453,1.4602147591599313,1.0541829562578375,0.02341193,-0.28763843,0.07517917738525624,1867.7101,0.0027172397499705173,0.5137090223729549,,-226847.0,51.370901974781006,68817.38822364385,3157.342145411276,0.6,88996.39,-0.8992750879838248,204.72734375,8843.715364753294,0.006384777462034213,12.32931507724803,-10085.556,49.092884,3.4014005e+06,512.9615,-0.122329645,-16035.692,0.0,-8114.8584,0.0,0.0,0.1419753086419753,,0.0,,,0.14266321696810455,-0.8805240989349895,0.0,-1157.6918043617345,0.27256829574148,0.0001990598237690782,0.05894662621683958,0.4866541745468007,0.015292199795861248,-0.000885392529684339
2026-02-25 15:00:00,8870.0,8876.0,8848.0,8850.0,20904.0,1.851851e+09,386437,-3459.1108,8110.445,11569.556,185186410.0,5389722412.0,608482.0,-709.0,5870.0,6579.0,15:00,P2605,2026-02-25,8872.0,8811.6,,1.0068546007535522,,-0.15479876160989758,-0.002479732,-0.0024828117,0.0036289692,0.0075136423,1.0213964512403797,-0.002479732,0.002479732,-0.0022547913,-0.00022542832,-0.00022542832,0.006183174263806607,0.006134880675825538,54.0,0.0031595335,0.0030576745183040783,0.7930264127042729,-0.00022545017,0,51.098143911458585,-2.752995167635163,-18.362111285212336,15.609116117577173,81.51041666666667,83.34510357815441,64.37728937728959,29.761618118479074,-31.25,-85.71428571428572,-0.01676444546043765,65.56795333490028,0.009626717052631616,0.6485667565670461,8940.834833173027,8682.365166826974,-0.045177322,0.5524631151873497,0.6875,0.071428575,0,2.6898025726183987,9.062134328700582,,2.761299857857176,1.0045237064361572,0.004509338270872831,3616216371452617.0,0.02930536025358694,0.04279214622803905,-0.19192857,0.44287901017473424,1.1482947653878952,0.30166906,-0.69828963,0.07463503982520235,1815.8738,0.002751321770833951,0.5324017149454389,,-247751.0,53.24017143376661,50466.63255904556,-14760.37214030301,0.6,88588.36,-0.8995586801877576,95.240625,8844.603501715419,0.003957327865910717,10.889092687690864,-13544.666,8.577668,179307.58,521.5392,-0.17576782,-6884.0806,0.0,0.0,0.0,0.0,0.006172839506172839,,0.0,,,0.14506613885939712,-0.7482132193809076,0.0,-501.79985342281924,0.18994837595453812,0.00018521900658795078,0.06100909095462828,0.48537964255411914,0.014825530107507066,-0.00016006234313155105
2026-02-25 22:00:00,8818.0,8838.0,8798.0,8806.0,78506.0,6.9245245e+09,392904,-5222.0845,34484.457,39706.543,692456926.0,16474771626.0,1867246.0,487.0,21833.0,21346.0,22:00,P2605,2026-02-26,8862.0,8812.1,,1.005662668376437,,-0.6364983869561334,-0.0049717426,-0.0049841427,-0.005645871,0.001136899,0.1549691276953963,-0.009281158,0.0049717426,-0.0013608529,-0.0036158192,-0.0036158192,0.00629209081356726,0.006244212266061279,54.857142857142854,0.0045362185,0.0030305790519975315,0.8403144189138396,-0.0036223494,0,45.785380877440524,-5.736053625527347,-15.836899753275338,10.10084612774799,64.6643032212885,76.82489485907355,3.093902241925019,27.83344661636065,-52.10084033613445,-85.71428571428572,-0.012873388632916871,56.55311942182367,0.003552652641476624,0.4763672080227884,8941.157963313908,8683.042036686093,-0.54212785,0.3654769386394138,0.515625,0.2,0,2.6834096730268655,8.894437831195303,,2.7788718176422043,1.0044776856899262,0.004463604837656021,3616205006478025.0,0.3986320552274518,0.04183062304805613,0.38197756,1.6258812224035524,1.2803467729242088,-20194.244,2.7555492,0.08908797971403085,1425.5621,0.002204011945956564,0.5175627438128289,,-326257.0,51.75627400200338,23384.120463614832,-61863.97214030301,0.6,88203.766,-0.9000649144329856,-65.5390625,8823.03222285655,-0.0010959069826940347,3.006604188813362,-18766.75,25.96286,2.0382402e+06,547.5021,-0.07038705,-10341.34,0.0,-5222.0845,0.0,0.0,-0.2654320987654321,,0.0,,,0.16519262507961519,-0.27774965431204934,0.0,-862.6498424255839,0.04623892724949505,0.00023573400955813537,0.009098994414049277,0.4514830869474105,0.014708554728817302,0.0007477626686784152
2026-02-25 23:00:00,8806.0,8822.0,8774.0,8778.0,54159.0,4.7650545e+09,391074,-5637.5103,23264.244,28901.756,476509138.0,13598854772.0,1544900.0,-460.0,13730.0,14190.0,23:00,P2605,2026-02-26,8846.4,8811.0,,1.0040177051413006,,-0.9314713937460445,-0.0031796694,-0.0031847353,-0.0088076,-0.0024999976,-0.33881414769545704,-0.0031796694,0.0031796694,-0.0031796503,0.0,0.0,0.006332909239243029,0.006284905232986544,57.285714285714285,0.0054558427,0.003074481524372275,0.8500360760845876,0.0,0,42.74001138976147,-10.241457789114065,-14.717811360443083,4.4763535713290175,40.94066639001279,62.3717954259893,-26.972322667212204,26.13390512125563,-93.82716049382715,-78.57142857142857,-0.011331611901677086,52.10639060000618,-0.017316017316017316,0.37294469459463586,8940.864706927094,8681.135293072906,-0.6788866,0.27315908899621294,0.40625,0.083333336,0,2.720125567707438,8.962895096196986,,2.789719350871085,1.0045578241348267,0.004543833807110787,3616180520976687.0,0.45908452137885214,0.040934410298658255,0.64038646,1.0976169558198992,1.2975263642692332,-0.3783785,-0.31012917,0.09750220140343291,1253.3544,0.001966798653834986,0.47114920009609806,,-380416.0,47.1149193256354,-4181.259072117275,-106996.47214030301,0.6,87982.69,-0.9003792094212535,-245.93125,8813.698592615909,-0.004304018711445498,-5.377614416358992,-24404.26,17.925419,970822.75,565.4275,-0.1080687,-11203.771,0.0,-5637.5103,0.0,0.0,-0.4382716049382716,,0.0,,,0.17358377418151466,-0.0760658429773383,0.0,-978.5803068600359,-0.06802838311666537,-8.53245728649199e-06,-0.01991354022521476,0.45694115652902123,0.014788365915820376,0.0014209146777919804
2026-02-26 00:00:00,8780.0,8780.0,8780.0,8780.0,62.0,5.44336e+06,391031,0.0,0.0,0.0,544360.0,17562.0,2.0,0.0,0.0,0.0,00:00,P2605,2026-02-26,8817.2,8810.1,,1.000805893236172,,-0.8893164238878618,0.00022780895,0.000227783,-0.016356707,-0.0020459294,-0.2758789295483462,-0.007676482,-0.00022780895,0.0,0.00022784233,0.00022784233,0.006333269213101844,0.006285339745984003,42.857142857142854,0.0,0.003074481524372275,0.8144002976810344,0.000227783,0,43.03148865053663,-13.495076916833568,-14.47326447172118,0.9781875548876116,20.49313552581526,42.032701712372166,-40.3905309616167,24.555759447229544,-92.59259259259258,-35.714285714285715,-0.011314332137402072,45.22020018198362,-0.01672892938496574,0.38466728082391566,8940.592024358002,8679.607975641999,-0.22727272,0.23650292219450278,0.4140625,,0,2.707504749870119,8.910899377430528,,2.7754461337159304,1.0045578241348267,0.004543833807110787,3616180630786073.5,0.5432242373954732,0.04093204607540348,11.4,0.0012564545285053057,0.9034961860525441,-2.2527194,-0.99885523,0.09637072238847477,1253.3685,0.001966700520191834,0.3575853077862187,,-380354.0,35.758530729535984,-15077.89078472428,-106996.47214030301,0.6,87796.13,-0.9003461142326648,-300.61875,8813.698573449921,-0.004109109028681473,-9.093849170627072,-24404.26,0.0,0.0,565.4275,,0.0,0.0,0.0,0.0,0.0,-0.42592592592592593,,0.0,,,0.1735773513574734,-0.0543613301378017,0.0,0.0,-0.05895793203444332,-0.0004581727345274495,-0.016291982611111762,0.007859964399040723,0.014758133261048717,0.0018349294989956273
2026-02-26 09:30:00,8814.0,8830.0,8790.0,8812.0,34598.0,3.048717e+09,392948,2803.0793,17848.54,15045.46,304867566.0,6894185788.0,782304.0,1680.0,11010.0,9330.0,09:30,P2605,2026-02-26,8805.2,8812.6,,0.9991602932165309,,-0.5169150356940366,0.0036447048,0.0036380787,-0.006762862,0.0057064295,0.7781326749542363,0.009694457,-0.0036447048,-0.00022691172,0.0038724374,0.0038724374,0.0063117938259715815,0.006264430452982331,41.57142857142857,0.0045402534,0.003061052189011307,0.836083676981466,0.0038649165,0,47.62536301823265,-13.33771210901432,-14.246153999179807,0.9084418901654878,13.58024691358024,25.004682943136075,-2.4852875665279903,23.538471260137268,-72.8395061728395,-35.71428571428572,-0.011405574832956678,45.449851944036865,-0.01268978665456186,0.4976656019747726,8941.112788632503,8684.087211367498,-0.06804264,0.4284058435036372,0.5390625,0.55,0,2.5561998049817842,8.263600007691707,,2.7763065650216077,1.0045338094234466,0.004519712831825018,3616180381700941.0,0.2427311269187618,0.04122230102402662,-0.16725636,0.7061140562576853,0.7683169125112889,557.31995,557.0323,0.15326650611235582,1379.468,0.0022829294026507512,0.42828707491789303,,-345756.0,42.828707294179296,-17064.04095945222,-103536.67214030301,0.6,88118.305,-0.9000086136651843,-134.77421875,8813.506448041366,-0.0005488657445160547,-7.1527756754739675,-21601.18,10.216396,353466.88,575.64386,0.08521552,5565.589,0.0,0.0,0.0,0.0,-0.22839506172839505,,0.0,,,0.1607197823708373,-0.27415140680932265,0.0,450.5103024095953,-0.040627146707441414,-0.00011941974246708144,0.04541768926220318,0.044738618200613735,0.014454827491846688,0.0016533746919352532
2026-02-26 10:45:00,8812.0,8820.0,8758.0,8772.0,58291.0,5.1227264e+09,389352,-4287.1016,25691.95,29979.05,512266544.0,11183742000.0,1271286.0,-3795.0,13972.0,17767.0,10:45,P2605,2026-02-26,8789.6,8814.6,,0.9971637964286525,,-0.9485094850948509,-0.0045392513,-0.004549585,-0.00881356,0.0045808554,0.6430306583918043,-0.0020595193,0.0045392513,-0.004539265,0.0,0.0,0.006351263337803515,0.006304254149811109,43.42857142857143,0.007054304,0.003138796399498726,0.8689671954276873,0.0,0,42.961765527751055,-16.253307064609544,-14.647584612265755,-1.6057224523437892,14.235812039429604,16.103064826275013,-45.67083639930992,21.909654588616103,-91.86046511627907,42.857142857142854,-0.012609231151039513,33.49809709458832,-0.016966022799817515,0.3287930871756572,8939.010864308113,8690.189135691888,-0.5216602,0.22989619646921186,0.3828125,0.22580644,0,2.5232625439045604,8.094538583612499,,2.784765927168804,1.0046472191810607,0.004632615274749697,3616180654692377.5,0.10426853065162721,0.040548218010411086,0.38788092,1.1702129795251373,0.9058646157675915,1.383098,0.6848084,0.1544352883612147,1114.8705,0.002123990955833558,0.41526387408011284,,-404047.0,41.52638707730827,-26496.290753093053,-135502.70439836752,0.6,87881.945,-0.9004829667054901,-50.80234375,8809.710920647862,-0.005233325134015016,-2.6834748991916424,-25888.281,19.460232,1.1343564e+06,595.10406,-0.07700781,-8497.0625,0.0,0.0,0.0,0.0,-0.5128205128205128,1.3564721624294607,0.0,-0.0,,0.17550264730260795,0.13352420703763682,0.0,-752.3976734738969,-0.12893828721433817,-0.00044513141931799637,0.03624916271811289,0.028416082523573895,0.01441213707115056,0.0019097814583051652
2026-02-26 13:45:00,8772.0,8782.0,8728.0,8756.0,89291.0,7.8127596e+09,387659,-5564.558,39631.223,45195.777,781267608.0,14736498922.0,1684025.0,-3185.0,24236.0,27421.0,13:45,P2605,2026-02-26,8779.6,8816.8,,0.9957807821431813,,-1.1063884714321226,-0.0018239617,-0.0018256273,-0.0056779385,0.00505054,0.74468147413433,0.003147781,0.0018239617,-0.0018239854,0.0,0.0,0.00634230304079529,0.006295274089078611,45.142857142857146,0.006167901,0.003187341967668903,0.8084771190172722,0.0,0,41.22290008251329,-19.628735510565093,-15.643814791925623,-3.9849207186394704,16.38713828316509,14.734399078724957,-92.8644240570824,20.872124830467463,-86.13861386138613,50.0,-0.014878523129080445,38.853258608584326,-0.018080506386477742,0.24274639980096938,8934.971329678106,8698.628670321892,-1.1291779,0.1849797845979082,0.3203125,0.5185185,0,2.5234274216682078,8.11361736658852,,2.784765927168804,1.0047268390655517,0.0047114068409428,3616192969127961.5,0.32049909971622204,0.038930537766842736,0.86434627,1.7210350766111273,0.9112999364906812,-2.2237346,0.5318146,0.15376145664167204,952.0071,0.0019879948801721707,0.3756754924608596,,-493338.0,37.56754861716817,-26893.933849368652,-132195.63032429345,0.6,87497.73,-0.9006788200074742,-88.4109375,8795.825913390416,-0.007190057871710883,-3.973301125303842,-31452.84,10.149541,906262.7,605.2536,-0.06559886,-11088.666,0.0,-5564.558,0.0,0.0,-0.5116279069767442,2.077863750072721,0.0,5915.643223153274,,0.1826894933119213,0.44108071027616674,0.0,-1016.5863007928307,-0.10298432982687815,-0.00046250639778528627,0.04001339769107148,0.028416082523573895,0.014709868264233457,0.0021207313602380827
2026-02-26 14:45:00,8754.0,8756.0,8728.0,8732.0,10694.0,9.3445005e+08,387870,-2995.796,3621.602,6617.398,93442574.0,3173634506.0,363052.0,-3849.0,1854.0,5703.0,14:45,P2605,2026-02-26,8770.4,8818.6,,0.9945342798176581,,-1.3502765626694673,-0.0027409792,-0.0027447427,-0.0052403808,0.004139781,0.6467723791174099,0.0004386902,0.0027409792,-0.002513137,-0.0002284148,-0.0002284148,0.006361315950961134,0.00631434949539396,42.714285714285715,0.0032029063,0.0031563283356830325,0.8097364110197292,-0.0002284311,0,38.69306105664605,-23.964142577786333,-17.307880349097765,-6.656262228688568,7.993706347378918,12.872218889991183,-128.0978435790161,19.908704340758014,-98.01980198019803,57.14285714285714,-0.01834085859547807,39.1493250789063,-0.019598504246999455,0.11103827748867522,8929.92200803831,8707.277991961691,-1.4001806,0.07199091883979036,0.16806722689075632,0.14285715,0,2.520425118315563,8.065212467140084,,2.793780097935678,1.0046566665172576,0.004641745856497436,3616180830527411.0,0.3539164219245037,0.04081121328395092,-0.81723094,0.2160783814529018,0.7796764279782507,-0.57010514,-0.8802343,0.15502909955882316,922.69507,0.0021630399501810053,0.4102723597460606,,-504032.0,41.0272351791103,-27042.157493356994,-139834.20175286487,0.6,87380.78,-0.9009749238363802,-145.128125,8793.20270444567,-0.010115039212537933,-5.867227265946567,-34448.637,8.211414,87812.87,613.465,-0.29258677,-5958.9253,0.0,0.0,0.0,0.0,-0.4801980198019802,0.2522407774318332,0.0,-0.0,,0.18436133846861438,0.7713858787658455,0.0,-552.3089416147227,-0.11135992382348982,-0.0005775333712725634,0.03271429820686715,0.04814722136167637,0.014888155194806345,0.0022735266062326133
2026-02-26 22:00:00,8714.0,8800.0,8696.0,8796.0,122132.0,1.0690619e+10,396864,18775.596,67424.3,48648.703,1069054184.0,17417643238.0,1987129.0,7760.0,37877.0,30117.0,22:00,P2605,2026-02-27,8773.6,8823.5,,0.9943446478154928,,-0.6150137802078951,0.0073293447,0.007302616,0.0018223524,0.011266947,2.0283886316801074,0.007101536,-0.0073293447,0.009410145,-0.0020613833,-0.0020613833,0.006556648808832858,0.006510725415082014,46.42857142857143,0.011888601,0.003530518687804551,0.7592834383290981,-0.0020634946,0,47.878945098489176,-21.982320279139458,-18.242768335106103,-3.739551944033355,19.525542297819523,14.635462309454491,-99.65933367977327,18.884016008980645,-57.26495726495727,64.28571428571428,-0.020651666747872888,53.312781682003184,-0.010985230870817621,0.3577023281052345,8920.128425587796,8726.871574412204,-1.4564195,0.4555568578573675,0.42735042735042733,0.96153843,0,2.1936446739237194,6.216132595801326,,2.7336428637122276,1.0051741123199462,0.005152445402927697,3616154975227008.0,-0.08205791855683232,0.036911583435291884,5.9555216,2.231946483869229,1.1513387713256318,11.419465,10.420609,0.13742562669492359,1817.8425,0.0027676185082115465,0.4702482392247521,,-381900.0,47.02482299178507,11226.520578253665,-27096.97098363409,0.3,87533.32,-0.9002797263644401,-167.11328125,8765.230258327467,-0.0029253688402382703,-11.30605956299696,-15673.041,137.61281,1.6806928e+07,751.0778,0.16175677,37008.69,0.0,18775.596,0.0073293447,0.0,-0.16336633663366337,2.8420966897434408,0.0,-8717.563995355546,-0.0,0.12991012892117082,-1.4625092184069264,0.0,2439.1400583647496,0.19628461870811942,-4.1251340007875115e-05,0.08604323670589462,0.1380948104469524,0.014391336889005494,0.0013548390598690206
2026-02-26 23:00:00,8796.0,8800.0,8744.0,8762.0,69374.0,6.0881766e+09,391239,-6729.3403,29660.83,36390.17,608818252.0,18662222722.0,2125795.0,-4696.0,16808.0,21504.0,23:00,P2605,2026-02-27,8763.6,8816.8,,0.9939660647854098,,-0.9801492608674895,-0.0038654208,-0.0038729107,-0.005674064,-0.015062928,-2.850785359544053,-0.0075101256,0.0038654208,-0.0038653933,0.0,0.0,0.004032875446386062,0.00402963803126863,50.42857142857143,0.006383979,0.003474998043915165,0.7158288317276036,0.0,0,44.098693739631194,-22.891350440835595,-19.172484756252,-3.7188656845835943,24.306789653324305,17.275346099507562,-84.43021463299048,17.932519700901658,-71.7948717948718,64.28571428571429,-0.02296459716996102,54.36517480067603,-0.013112988299536065,0.2085391087010297,8910.809182082317,8722.790817917681,-1.2398556,0.31058685884375414,0.28205128205128205,0.32142857,0,0.857107016719982,-0.04564222385842679,,2.7296000323554024,1.005098044872284,0.005078571871854365,3616160109144397.0,0.8682923538659106,0.03935486699368214,-0.49479312,1.3517202410237175,1.3630680351306192,-557.46423,-0.43197525,0.30297644854797956,1549.6829,-0.0003221174007313807,0.516647316991633,,-451274.0,51.664730684221446,17977.887009525875,-51873.399555062664,0.3,87758.766,-0.9006148918332166,-21.0765625,8772.315257952736,-0.006215923299823206,-10.538698045320343,-22402.38,26.011732,1.8045379e+06,777.08954,-0.101881,-13355.432,-6729.3403,0.0,0.0,0.0,-0.21794871794871795,1.523916219095632,0.0,-0.0,5915.643223153274,0.14341790232643012,-0.6729640412869536,0.0,-965.1078744605646,0.11142918025414139,-0.00031842223480842743,-0.18832277517692783,0.13982358421818974,0.01360768622223497,0.0008738591129681685
2026-02-27 00:00:00,8762.0,8762.0,8762.0,8762.0,1.0,87620.0,391239,1.0,1.0,0.0,8762.0,1174090.0,134.0,1.0,1.0,0.0,00:00,P2605,2026-02-27,8761.6,8812.2,,0.9942579605546855,,-0.9618337541800279,0.0,0.0,-0.0011399984,-0.0103907585,-1.9299561814852408,0.0045392513,-0.0,0.0,0.0,0.0,0.003924975312225195,0.003921525086653453,47.714285714285715,0.0,0.0033192110989321354,0.7170916416864777,0.0,0,44.098693739631194,-23.342683468479663,-20.006524498697534,-3.3361589697821294,33.04843304843305,25.626921666525607,-88.37377761680443,17.048987414828314,-71.7948717948718,64.28571428571429,-0.02511289480980894,53.531765762702975,-0.011461347089944377,0.23672880344868502,8907.538952110199,8716.861047889803,-0.9943503,0.3189726175574154,0.28205128205128205,,0,0.7898429431810062,0.01430658892891589,,2.7296000323554024,1.0047135174274444,0.0046945646405220035,3616198323296179.0,0.8606456047156557,0.04179024804554347,-0.9999833,2.0690290150283923e-05,1.2062108112973122,-1.684794,-0.9999856,0.2967255425208685,1549.6829,-4.9192519061652065e-05,0.49043223342388337,,-451274.0,49.04322224753182,19105.456275998513,-51873.399555062664,0.3,87620.0,-0.9005467222996563,62.253125,8772.314917513928,-0.005616694776364914,-6.7909438245906495,-22401.38,0.0,0.0,777.08954,1.0,2.0,0.0,0.0,0.0,0.0,-0.13333333333333333,2.1966676551671114e-05,0.0,-0.0,-0.0,0.14341784407804095,-0.6310079926494863,0.0,0.14341784407804095,0.09657195622025587,-0.0005926511647495707,-0.13317584025954432,0.12701372855921314,0.012892108227244417,0.0003628527887338818
2026-02-27 09:30:00,8786.0,8790.0,8760.0,8770.0,31881.0,2.79835e+09,392931,1417.292,15825.1455,14407.8545,279832666.0,6195134652.0,705877.0,1003.0,9897.0,8894.0,09:30,P2605,2026-02-27,8764.4,8808.0,,0.9950499545867393,,-0.8554094283453224,0.00091302395,0.0009126073,0.0015989542,-0.009487212,-1.7686840923433267,0.0027369857,-0.00091302395,-0.001821079,0.0027391007,0.0027391007,0.003936570705929254,0.003933213854486388,47.285714285714285,0.0034187937,0.0033060056194246855,0.6755584192243548,0.0027353272,0,45.277712684929675,-22.79210184092517,-20.56363996714306,-2.228461873782109,29.344729344729345,28.899984015495548,-61.72270842929226,16.818452083984692,-68.37606837606837,64.28571428571428,-0.026775988390470573,50.786337213058694,-0.009020567542294798,0.29997025141905487,8902.985871525561,8713.014128474439,-0.4088122,0.3730571054508462,0.3162393162393162,0.33333334,0,0.7468515140550349,-0.07041103311672231,,2.7254968580081043,1.0046809911727905,0.004662304325029254,1911066098510566.5,-0.40056715780015273,0.04207912283424705,-0.17228758,0.6641868081387415,0.9753406506868222,31879.469,31880.0,0.23229711373078263,1578.791,-1.922547546739506e-05,0.48241390482010565,,-419393.0,48.241389634287465,14448.556769010174,-62500.399555062664,0.3,87774.85,-0.9004140420866975,87.48203125,8772.929018963734,-0.004162267933558613,-3.3462711777421648,-20984.09,1.2940215,41254.7,778.38354,0.04687894,2829.4172,0.0,0.0,0.0,0.0,0.02112676056338028,0.7418930711501541,0.0,0.0,-8717.563995355546,0.1390524670600732,-0.8275943275551538,0.0,197.0779480581579,0.05675922588470167,-0.0007390966586951565,-0.12117877421251076,0.12290554217897208,0.01208366364907738,-0.0002235067154702804
2026-02-27 10:45:00,8770.0,8776.0,8732.0,8748.0,46722.0,4.0908608e+09,393965,-1669.4647,21500.268,23169.732,409084570.0,9809754780.0,1120182.0,-608.0,12434.0,13042.0,10:45,P2605,2026-02-27,8767.6,8803.5,,0.9959220764468678,,-1.0842615549716919,-0.0025085807,-0.0025117325,0.001832366,-0.010183275,-1.8462292322931106,0.00023239851,0.0025085807,-0.0025085518,0.0,0.0,0.0039522129693939055,0.003948855328646528,44.285714285714285,0.005026324,0.0033433096906507294,0.6643146554165584,0.0,0,42.615840126050934,-23.855981171578605,-21.22210820803017,-2.633872963548434,27.350427350427353,29.914529914529897,-92.4837801444466,15.90462355268218,-77.77777777777779,64.28571428571429,-0.028570476447509208,50.74789873827075,-0.010157927201446123,0.21537299329642443,8900.996018812088,8706.003981187912,-0.3417635,0.26510198405657703,0.2222222222222222,0.36363637,0,0.7619238772117339,-0.08802532113098131,,2.7171020812195374,1.004763025045395,0.0047440687310881914,1911069008655897.5,-0.39062565624166634,0.040997349116845896,1.1841896,0.9483504037217912,1.0965238112636146,1.3457468,0.4655124,0.23436464513840752,1461.5851,-9.856488021386062e-05,0.3753829791219333,,-466115.0,37.53829716007957,7175.567925580137,-75242.7631914263,0.3,87557.484,-0.900613405631244,6.44140625,8769.978682352948,-0.006119506717262411,1.0110609061969444,-22653.555,4.187987,195671.12,782.57153,-0.03737329,-3322.2612,0.0,0.0,0.0,0.0,-0.11194029850746269,1.087253476060271,0.0,-0.0,-0.0,0.14631692926270543,-0.4044973382283652,0.0,-244.27095158858904,0.014513173954159443,-0.0014788908831958128,-0.1296001485571644,-0.0025764179186368347,0.011595870422415137,-0.0003148224979554895
2026-02-27 13:45:00,8748.0,8758.0,8714.0,8752.0,54276.0,4.742237e+09,393868,1030.7417,26377.871,25347.129,474222728.0,10102547420.0,1156078.0,3641.0,17221.0,13580.0,13:45,P2605,2026-02-27,8758.8,8801.1,,0.9951937825953573,,-1.0206678164494332,0.00045728683,0.0004571823,-0.00500226,-0.0054545403,-0.9582284105905507,-0.006872058,-0.00045728683,0.00045724737,0.0,0.0,0.003853690836468886,0.0038502258374784114,43.0,0.005036643,0.0033758412933981977,0.6650178137101603,0.0,0,43.26888956118859,-24.09855351130136,-21.79739726868441,-2.301156242616951,28.319088319088323,28.338081671414994,-100.62350946757246,14.898943437201023,-68.88888888888889,64.28571428571429,-0.03018906185318082,55.96655909011032,-0.0084086635495418,0.25495304703443455,8901.2848817253,8700.915118274701,-0.3189066,0.30223651021590336,0.23931623931623933,0.8636364,0,0.6724264656076784,-0.025836152181384374,,2.7095402958536337,1.0048331797122956,0.004813621658831835,1911113786983142.5,-0.22168500865867363,0.0416722114764668,-0.22720087,1.1198143133462282,0.8345748549323018,-10.25893,0.16167974,0.2195836683911028,1486.4048,0.00023759908331912383,0.3844047314493652,,-411839.0,38.440471965041034,16107.665488132465,-35769.30864597176,0.1,87372.63,-0.9005361165610142,-83.478125,8764.872128532055,-0.0055022384364403045,-1.722249400235014,-21622.812,0.47134462,25582.701,783.0429,0.01992735,2059.5999,0.0,0.0,0.0,0.0,-0.08208955223880597,1.2078108484005563,0.0,-0.0,-0.0,0.140797529593655,-0.6427612041124945,0.0,145.12588489916618,0.12240782761130493,-0.0010275927020951972,-0.07102637750110498,0.05389285982725836,0.011385429680940942,-0.00039739286861867167
2026-02-27 14:45:00,8752.0,8756.0,8728.0,8756.0,32742.0,2.8616847e+09,393708,977.1031,16112.052,15134.948,286167732.0,10602898184.0,1213159.0,14.0,8798.0,8784.0,14:45,P2605,2026-02-27,8757.6,8798.0,,0.9954080472834735,,-0.9584816697822303,0.00045704842,0.00045694402,-0.00068479776,-0.007031083,-1.2179928824714512,0.0043224692,-0.00045704842,0.0004570384,0.0,0.0,0.0038197551198506474,0.0038161720651461927,43.0,0.0032029063,0.0033091920329866597,0.6243274135860655,0.0,0,43.95575198806237,-23.69488735568666,-22.17689528608486,-1.5179920696017994,31.862284820031306,29.17726682984898,-82.43139827265571,13.965097615682806,-57.74647887323944,57.142857142857146,-0.03143617710744673,61.98563817759182,-0.006763957687841799,0.2937270117989904,8899.806834637679,8696.193165362321,-0.63549703,0.3421676330331667,0.2564102564102564,1.0,0,0.7472100334059751,0.16472810474649088,,2.711722113478631,1.004697048664093,0.004678660572972148,1911134716355302.5,0.02637343209595828,0.07668627389303052,-0.32333064,0.6866094177597434,0.6946284587881266,0.035225272,-0.39674997,0.22853792914669696,1501.3695,0.00015351176224501694,0.4257277722221008,,-379097.0,42.57277599739534,28715.28126480092,-3027.3086459717597,0.1,87401.04,-0.900459243875159,-84.0140625,8761.226963367233,-0.004856889168466347,-3.0232798725087195,-20645.709,0.44658342,14622.034,783.4895,0.031270314,1952.4215,0.0,0.0,0.0,0.0,-0.05223880597014925,0.7619291407295363,0.0,-0.0,0.0,0.13741119135616336,-0.773331837794291,0.0,134.26489945193208,0.1956075161676255,-0.0008335415113833733,-0.09244644256079361,0.0369557175940035,0.010969403226449643,-0.00045234963580408375
2026-02-27 15:00:00,8754.0,8786.0,8752.0,8784.0,22256.0,1.9522573e+09,393802,5510.845,13299.923,7789.0776,195225372.0,3598691132.0,410330.0,3123.0,8013.0,4890.0,15:00,P2605,2026-02-27,8762.0,8796.3,,0.9961006332207861,,-0.6307708511310646,0.0031977892,0.0031926872,0.002510786,-0.0038557649,-0.669714618142199,0.0031977892,-0.0031977892,0.003427005,-0.0002284148,-0.0002284148,0.0039010542512323922,0.003897614048869792,41.714285714285715,0.0038772658,0.003349903846747141,0.6049505898702178,-0.0002284311,0,48.64312770398286,-20.874979258202075,-21.916512080508305,1.0415328223062303,46.34542467630549,35.508932605141695,-34.480847053603995,13.550318743696645,-34.32835820895522,50.0,-0.03155397222631695,58.91156761653805,-0.002468943127682624,0.43943022202374155,8897.835785757878,8694.764214242121,0.13679892,0.5046229081512238,0.37606837606837606,0.9411765,0,0.6087136233379865,-0.2228331985887196,,2.706234754090822,1.004891288280487,0.004872194270137698,1911049597979571.2,-0.2619985740232811,0.0749377038967852,11127.0,0.4560730503778751,0.7700003278742276,0.67972416,-0.32026142,0.20997030422252846,1572.5396,0.00022281637328755617,0.49978355537857344,,-356841.0,49.97835418472756,37510.804395354506,16610.33841285177,0.1,87718.24,-0.9001147148499834,-26.96640625,8761.650980583767,-0.0014855089400039182,-3.130779574564658,-15134.863,17.62252,392206.8,801.112,0.26131374,10951.648,0.0,0.0,0.0,0.0,0.20967741935483872,0.5249551844513634,0.0,0.0,-0.0,0.13007317661293738,-1.074589890070454,0.0,716.813142916932,0.22803915386765422,-0.0004922552439633624,-0.049557798818840794,0.10992353260427107,0.010442931472596888,-0.0007933683455587683
